session_id,user_id,created_at,expires_at
1,1,5/18/2022,8/12/2022
2,2,11/26/2022,4/14/2022
3,3,8/19/2022,4/10/2022
4,4,5/18/2022,3/26/2022
5,5,2/27/2022,5/31/2022
6,6,8/26/2022,6/28/2022
7,7,4/29/2022,12/29/2022
8,8,5/8/2022,7/11/2022
9,9,2/15/2022,3/8/2022
10,10,6/30/2022,5/21/2022
11,11,11/23/2022,10/28/2022
12,12,9/27/2022,3/27/2022
13,13,4/5/2022,7/20/2022
14,14,3/1/2022,5/17/2022
15,15,5/19/2022,8/14/2022
16,16,9/20/2022,10/17/2022
17,17,12/10/2022,12/5/2022
18,18,12/3/2022,1/28/2022
19,19,1/30/2022,10/11/2022
20,20,1/6/2022,7/14/2022
21,21,3/15/2022,6/7/2022
22,22,2/26/2022,6/13/2022
23,23,6/9/2022,11/24/2022
24,24,2/22/2022,1/19/2022
25,25,10/8/2022,3/7/2022
26,26,8/1/2022,4/23/2022
27,27,5/3/2022,8/31/2022
28,28,11/15/2022,11/28/2022
29,29,11/30/2022,6/12/2022
30,30,5/14/2022,9/6/2022
31,31,5/16/2022,2/28/2022
32,32,5/2/2022,11/20/2022
33,33,3/12/2022,12/28/2022
34,34,12/29/2022,11/23/2022
35,35,1/6/2022,11/23/2022
36,36,12/18/2022,7/24/2022
37,37,7/12/2022,10/21/2022
38,38,1/1/2022,3/1/2022
39,39,8/2/2022,7/13/2022
40,40,1/2/2022,10/19/2022
41,41,5/17/2022,12/6/2022
42,42,5/18/2022,3/17/2022
43,43,11/16/2022,11/6/2022
44,44,4/28/2022,7/16/2022
45,45,7/29/2022,7/19/2022
46,46,1/30/2022,3/11/2022
47,47,6/4/2022,5/24/2022
48,48,12/25/2022,8/17/2022
49,49,10/21/2022,8/1/2022
50,50,11/1/2022,10/5/2022
51,51,9/14/2022,5/22/2022
52,52,1/16/2022,7/4/2022
53,53,11/29/2022,3/23/2022
54,54,12/28/2022,12/20/2022
55,55,9/15/2022,4/21/2022
56,56,4/6/2022,3/16/2022
57,57,10/21/2022,7/30/2022
58,58,5/29/2022,5/18/2022
59,59,3/29/2022,9/28/2022
60,60,2/14/2022,12/18/2022
61,61,10/27/2022,3/20/2022
62,62,1/19/2022,10/21/2022
63,63,10/9/2022,2/24/2022
64,64,4/9/2022,2/3/2022
65,65,2/18/2022,3/19/2022
66,66,12/15/2022,7/23/2022
67,67,5/2/2022,10/22/2022
68,68,3/19/2022,1/2/2022
69,69,9/23/2022,8/23/2022
70,70,9/10/2022,9/16/2022
71,71,8/17/2022,5/26/2022
72,72,7/28/2022,5/4/2022
73,73,12/24/2022,3/11/2022
74,74,3/5/2022,6/27/2022
75,75,4/12/2022,9/2/2022
76,76,10/29/2022,8/23/2022
77,77,1/7/2022,4/20/2022
78,78,7/2/2022,10/27/2022
79,79,3/12/2022,4/18/2022
80,80,8/3/2022,11/14/2022
81,81,12/6/2022,3/26/2022
82,82,8/21/2022,12/6/2022
83,83,10/18/2022,2/7/2022
84,84,7/25/2022,2/8/2022
85,85,5/8/2022,6/16/2022
86,86,7/12/2022,3/30/2022
87,87,10/29/2022,6/24/2022
88,88,7/21/2022,9/22/2022
89,89,6/30/2022,2/22/2022
90,90,11/14/2022,2/27/2022
91,91,9/3/2022,6/16/2022
92,92,10/22/2022,10/8/2022
93,93,1/2/2022,1/10/2022
94,94,4/8/2022,3/8/2022
95,95,11/23/2022,5/4/2022
96,96,6/26/2022,2/17/2022
97,97,12/13/2022,9/2/2022
98,98,9/22/2022,12/8/2022
99,99,6/21/2022,10/31/2022
100,100,4/18/2022,7/16/2022
